{
  "timestamp": "20260406_185050",
  "dataset_path": "smca_benchmark_retrieval_hard.jsonl",
  "num_samples": 12,
  "baselines": {
    "full": {
      "aggregate": {
        "avg_em": 0.0,
        "avg_f1": 0.07478393745842259,
        "avg_time_s": 0.2845018704732259,
        "avg_judge_confidence": 0.5879996053624678,
        "avg_champion_resilience_score": 0.0,
        "escalation_rate": 0.9166666666666666,
        "avg_answer_words": 71.25,
        "avg_markers_accessed": 102.66666666666667,
        "avg_rounds": 2.0,
        "num_evaluated": 12,
        "num_total": 12
      },
      "samples": []
    },
    "full_ziora": {
      "aggregate": {
        "avg_em": 0.0,
        "avg_f1": 0.06300484437665847,
        "avg_time_s": 0.2796531915664673,
        "avg_judge_confidence": 0.6745614192297412,
        "avg_champion_resilience_score": 0.9375,
        "escalation_rate": 0.9166666666666666,
        "avg_answer_words": 71.83333333333333,
        "avg_markers_accessed": 96.0,
        "avg_rounds": 2.0,
        "num_evaluated": 12,
        "num_total": 12
      },
      "samples": []
    },
    "single_agent": {
      "aggregate": {
        "avg_em": 0.0,
        "avg_f1": 0.06464720300280011,
        "avg_time_s": 0.03864065806070963,
        "avg_judge_confidence": 0.5,
        "avg_champion_resilience_score": 0.0,
        "escalation_rate": 1.0,
        "avg_answer_words": 77.66666666666667,
        "avg_markers_accessed": 3.5833333333333335,
        "avg_rounds": 1.0,
        "num_evaluated": 12,
        "num_total": 12
      },
      "samples": []
    },
    "fixed_standards": {
      "aggregate": {
        "avg_em": 0.0,
        "avg_f1": 0.06472762937997249,
        "avg_time_s": 0.2711104949315389,
        "avg_judge_confidence": 0.437111988983818,
        "avg_champion_resilience_score": 0.0,
        "escalation_rate": 1.0,
        "avg_answer_words": 75.41666666666667,
        "avg_markers_accessed": 106.0,
        "avg_rounds": 2.0,
        "num_evaluated": 12,
        "num_total": 12
      },
      "samples": []
    },
    "no_judge_memory": {
      "aggregate": {
        "avg_em": 0.0,
        "avg_f1": 0.05763326143198446,
        "avg_time_s": 0.23891661564509073,
        "avg_judge_confidence": 0.5600450852062072,
        "avg_champion_resilience_score": 0.0,
        "escalation_rate": 0.9166666666666666,
        "avg_answer_words": 90.41666666666667,
        "avg_markers_accessed": 96.83333333333333,
        "avg_rounds": 2.0,
        "num_evaluated": 12,
        "num_total": 12
      },
      "samples": []
    },
    "no_memory": {
      "aggregate": {
        "avg_em": 0.0,
        "avg_f1": 0.04620551924473493,
        "avg_time_s": 0.06815161307652791,
        "avg_judge_confidence": 0.0047040629881949314,
        "avg_champion_resilience_score": 0.0,
        "escalation_rate": 1.0,
        "avg_answer_words": 23.333333333333332,
        "avg_markers_accessed": 0.0,
        "avg_rounds": 2.0,
        "num_evaluated": 12,
        "num_total": 12
      },
      "samples": []
    },
    "cumulative": {
      "aggregate": {
        "avg_em": 0.0,
        "avg_f1": 0.04999340828098845,
        "avg_time_s": 0.28092344601949054,
        "avg_judge_confidence": 0.524535828828515,
        "avg_champion_resilience_score": 0.0,
        "escalation_rate": 0.9166666666666666,
        "avg_answer_words": 73.0,
        "avg_markers_accessed": 99.33333333333333,
        "avg_rounds": 2.0,
        "num_evaluated": 12,
        "num_total": 12
      },
      "samples": []
    }
  }
}