{
  "timestamp": "20260406_192243",
  "dataset_path": "smca_benchmark_retrieval_hard.jsonl",
  "num_samples": 12,
  "baselines": {
    "full": {
      "aggregate": {
        "avg_em": 0.5,
        "avg_f1": 0.5523511820187011,
        "avg_time_s": 0.38923492034276325,
        "avg_judge_confidence": 0.41059908374282283,
        "avg_champion_resilience_score": 0.0,
        "escalation_rate": 1.0,
        "avg_answer_words": 69.33333333333333,
        "avg_markers_accessed": 97.66666666666667,
        "avg_rounds": 2.0,
        "num_evaluated": 12,
        "num_total": 12
      },
      "samples": []
    },
    "full_ziora": {
      "aggregate": {
        "avg_em": 0.6666666666666666,
        "avg_f1": 0.7035697318351439,
        "avg_time_s": 0.40256400903066,
        "avg_judge_confidence": 0.7279368322480607,
        "avg_champion_resilience_score": 0.8561507936507936,
        "escalation_rate": 0.9166666666666666,
        "avg_answer_words": 75.16666666666667,
        "avg_markers_accessed": 94.33333333333333,
        "avg_rounds": 2.0,
        "num_evaluated": 12,
        "num_total": 12
      },
      "samples": []
    },
    "single_agent": {
      "aggregate": {
        "avg_em": 0.6666666666666666,
        "avg_f1": 0.7135676014158987,
        "avg_time_s": 0.04743274052937826,
        "avg_judge_confidence": 0.5,
        "avg_champion_resilience_score": 0.0,
        "escalation_rate": 1.0,
        "avg_answer_words": 77.66666666666667,
        "avg_markers_accessed": 3.75,
        "avg_rounds": 1.0,
        "num_evaluated": 12,
        "num_total": 12
      },
      "samples": []
    },
    "fixed_standards": {
      "aggregate": {
        "avg_em": 0.6666666666666666,
        "avg_f1": 0.7134274838844767,
        "avg_time_s": 0.3665631612141927,
        "avg_judge_confidence": 0.437111988983818,
        "avg_champion_resilience_score": 0.0,
        "escalation_rate": 1.0,
        "avg_answer_words": 75.41666666666667,
        "avg_markers_accessed": 106.0,
        "avg_rounds": 2.0,
        "num_evaluated": 12,
        "num_total": 12
      },
      "samples": []
    },
    "no_judge_memory": {
      "aggregate": {
        "avg_em": 0.5,
        "avg_f1": 0.5337802075556742,
        "avg_time_s": 0.3243585427602132,
        "avg_judge_confidence": 0.5798231901858404,
        "avg_champion_resilience_score": 0.0,
        "escalation_rate": 0.9166666666666666,
        "avg_answer_words": 73.5,
        "avg_markers_accessed": 98.5,
        "avg_rounds": 2.0,
        "num_evaluated": 12,
        "num_total": 12
      },
      "samples": []
    },
    "no_memory": {
      "aggregate": {
        "avg_em": 0.08333333333333333,
        "avg_f1": 0.12336601307189543,
        "avg_time_s": 0.10230980316797893,
        "avg_judge_confidence": 0.005904179058206674,
        "avg_champion_resilience_score": 0.0,
        "escalation_rate": 1.0,
        "avg_answer_words": 23.333333333333332,
        "avg_markers_accessed": 0.0,
        "avg_rounds": 2.0,
        "num_evaluated": 12,
        "num_total": 12
      },
      "samples": []
    },
    "cumulative": {
      "aggregate": {
        "avg_em": 0.5,
        "avg_f1": 0.5503859514820421,
        "avg_time_s": 0.40958452224731445,
        "avg_judge_confidence": 0.49750461794888845,
        "avg_champion_resilience_score": 0.0,
        "escalation_rate": 1.0,
        "avg_answer_words": 69.33333333333333,
        "avg_markers_accessed": 100.16666666666667,
        "avg_rounds": 2.0,
        "num_evaluated": 12,
        "num_total": 12
      },
      "samples": []
    }
  }
}