{
  "timestamp": "20260406_015856",
  "dataset_path": "Smca baseline eval.json",
  "num_samples": 15,
  "baselines": {
    "full": {
      "aggregate": {
        "avg_em": 0.0,
        "avg_f1": 0.2078041920858064,
        "avg_time_s": 1.3116294344266255,
        "avg_judge_confidence": 0.5130410260890357,
        "escalation_rate": 0.75,
        "avg_answer_words": 66.41666666666667,
        "avg_markers_accessed": 91.25,
        "avg_rounds": 2.0,
        "num_evaluated": 12,
        "num_total": 15
      },
      "samples": []
    },
    "single_agent": {
      "aggregate": {
        "avg_em": 0.0,
        "avg_f1": 0.19459718536551837,
        "avg_time_s": 0.1843453049659729,
        "avg_judge_confidence": 0.5,
        "escalation_rate": 1.0,
        "avg_answer_words": 77.08333333333333,
        "avg_markers_accessed": 3.0833333333333335,
        "avg_rounds": 1.0,
        "num_evaluated": 12,
        "num_total": 15
      },
      "samples": []
    },
    "fixed_standards": {
      "aggregate": {
        "avg_em": 0.0,
        "avg_f1": 0.18291963000730602,
        "avg_time_s": 1.4346620639165242,
        "avg_judge_confidence": 0.4659174368478403,
        "escalation_rate": 1.0,
        "avg_answer_words": 80.25,
        "avg_markers_accessed": 105.0,
        "avg_rounds": 2.0,
        "num_evaluated": 12,
        "num_total": 15
      },
      "samples": []
    },
    "no_judge_memory": {
      "aggregate": {
        "avg_em": 0.0,
        "avg_f1": 0.15116532076616906,
        "avg_time_s": 1.1805633902549744,
        "avg_judge_confidence": 0.5521043765604249,
        "escalation_rate": 0.75,
        "avg_answer_words": 83.25,
        "avg_markers_accessed": 93.75,
        "avg_rounds": 2.0,
        "num_evaluated": 12,
        "num_total": 15
      },
      "samples": []
    },
    "no_memory": {
      "aggregate": {
        "avg_em": 0.0,
        "avg_f1": 0.18020599015164232,
        "avg_time_s": 0.3879515727361043,
        "avg_judge_confidence": 0.008608061492111296,
        "escalation_rate": 1.0,
        "avg_answer_words": 19.75,
        "avg_markers_accessed": 0.0,
        "avg_rounds": 2.0,
        "num_evaluated": 12,
        "num_total": 15
      },
      "samples": []
    },
    "cumulative": {
      "aggregate": {
        "avg_em": 0.0,
        "avg_f1": 0.19895754115137496,
        "avg_time_s": 1.3727917869885762,
        "avg_judge_confidence": 0.5089764174465671,
        "escalation_rate": 0.9166666666666666,
        "avg_answer_words": 81.0,
        "avg_markers_accessed": 96.91666666666667,
        "avg_rounds": 2.0,
        "num_evaluated": 12,
        "num_total": 15
      },
      "samples": []
    }
  }
}