{
  "timestamp": "20260406_014822",
  "dataset_path": "Smca baseline eval.json",
  "num_samples": 15,
  "baselines": {
    "full": {
      "aggregate": {
        "avg_em": 0.0,
        "avg_f1": 0.15473740970574046,
        "avg_time_s": 1.3651794791221619,
        "avg_judge_confidence": 0.5566314544900494,
        "escalation_rate": 0.9166666666666666,
        "avg_answer_words": 85.58333333333333,
        "avg_markers_accessed": 91.25,
        "avg_rounds": 2.0,
        "num_evaluated": 12,
        "num_total": 15
      },
      "samples": []
    },
    "single_agent": {
      "aggregate": {
        "avg_em": 0.0,
        "avg_f1": 0.19211018729336815,
        "avg_time_s": 0.18055452903111777,
        "avg_judge_confidence": 0.5,
        "escalation_rate": 1.0,
        "avg_answer_words": 82.16666666666667,
        "avg_markers_accessed": 3.5,
        "avg_rounds": 1.0,
        "num_evaluated": 12,
        "num_total": 15
      },
      "samples": []
    },
    "fixed_standards": {
      "aggregate": {
        "avg_em": 0.0,
        "avg_f1": 0.18291963000730602,
        "avg_time_s": 0.9755121072133383,
        "avg_judge_confidence": 0.4659174368478403,
        "escalation_rate": 1.0,
        "avg_answer_words": 80.25,
        "avg_markers_accessed": 105.0,
        "avg_rounds": 2.0,
        "num_evaluated": 12,
        "num_total": 15
      },
      "samples": []
    },
    "no_judge_memory": {
      "aggregate": {
        "avg_em": 0.0,
        "avg_f1": 0.1601687330221348,
        "avg_time_s": 0.9949076970418295,
        "avg_judge_confidence": 0.5061219288921815,
        "escalation_rate": 0.8333333333333334,
        "avg_answer_words": 88.66666666666667,
        "avg_markers_accessed": 102.66666666666667,
        "avg_rounds": 2.0,
        "num_evaluated": 12,
        "num_total": 15
      },
      "samples": []
    },
    "no_memory": {
      "aggregate": {
        "avg_em": 0.0,
        "avg_f1": 0.18020599015164232,
        "avg_time_s": 2.2750123143196106,
        "avg_judge_confidence": 0.018289374370610876,
        "escalation_rate": 1.0,
        "avg_answer_words": 19.75,
        "avg_markers_accessed": 0.0,
        "avg_rounds": 2.0,
        "num_evaluated": 12,
        "num_total": 15
      },
      "samples": []
    },
    "cumulative": {
      "aggregate": {
        "avg_em": 0.0,
        "avg_f1": 0.18055642587697926,
        "avg_time_s": 1.0962445537249248,
        "avg_judge_confidence": 0.65488974138925,
        "escalation_rate": 0.9166666666666666,
        "avg_answer_words": 70.58333333333333,
        "avg_markers_accessed": 95.41666666666667,
        "avg_rounds": 2.0,
        "num_evaluated": 12,
        "num_total": 15
      },
      "samples": []
    }
  }
}