{
  "timestamp": "20260406_015130",
  "dataset_path": "Smca baseline eval.json",
  "num_samples": 15,
  "baselines": {
    "full": {
      "aggregate": {
        "avg_em": 0.0,
        "avg_f1": 0.16539045778693276,
        "avg_time_s": 1.388108491897583,
        "avg_judge_confidence": 0.5140147196566468,
        "escalation_rate": 0.9166666666666666,
        "avg_answer_words": 85.91666666666667,
        "avg_markers_accessed": 94.58333333333333,
        "avg_rounds": 2.0,
        "num_evaluated": 12,
        "num_total": 15
      },
      "samples": []
    },
    "single_agent": {
      "aggregate": {
        "avg_em": 0.0,
        "avg_f1": 0.19359499951022371,
        "avg_time_s": 0.2208677331606547,
        "avg_judge_confidence": 0.5,
        "escalation_rate": 1.0,
        "avg_answer_words": 79.16666666666667,
        "avg_markers_accessed": 3.75,
        "avg_rounds": 1.0,
        "num_evaluated": 12,
        "num_total": 15
      },
      "samples": []
    },
    "fixed_standards": {
      "aggregate": {
        "avg_em": 0.0,
        "avg_f1": 0.18291963000730602,
        "avg_time_s": 1.3202009399731953,
        "avg_judge_confidence": 0.4659174368478403,
        "escalation_rate": 1.0,
        "avg_answer_words": 80.25,
        "avg_markers_accessed": 105.0,
        "avg_rounds": 2.0,
        "num_evaluated": 12,
        "num_total": 15
      },
      "samples": []
    },
    "no_judge_memory": {
      "aggregate": {
        "avg_em": 0.0,
        "avg_f1": 0.16219227496023017,
        "avg_time_s": 1.1829208532969158,
        "avg_judge_confidence": 0.6304357294904414,
        "escalation_rate": 0.8333333333333334,
        "avg_answer_words": 79.58333333333333,
        "avg_markers_accessed": 104.16666666666667,
        "avg_rounds": 2.0,
        "num_evaluated": 12,
        "num_total": 15
      },
      "samples": []
    },
    "no_memory": {
      "aggregate": {
        "avg_em": 0.0,
        "avg_f1": 0.18228932348497565,
        "avg_time_s": 2.4655380646387735,
        "avg_judge_confidence": 0.029289234385348802,
        "escalation_rate": 1.0,
        "avg_answer_words": 19.75,
        "avg_markers_accessed": 0.0,
        "avg_rounds": 2.0,
        "num_evaluated": 12,
        "num_total": 15
      },
      "samples": []
    },
    "cumulative": {
      "aggregate": {
        "avg_em": 0.0,
        "avg_f1": 0.17911913571763186,
        "avg_time_s": 1.212514042854309,
        "avg_judge_confidence": 0.5141422961014815,
        "escalation_rate": 0.9166666666666666,
        "avg_answer_words": 83.16666666666667,
        "avg_markers_accessed": 95.25,
        "avg_rounds": 2.0,
        "num_evaluated": 12,
        "num_total": 15
      },
      "samples": []
    }
  }
}