{
  "timestamp": "20260406_183321",
  "dataset_path": "Smca baseline eval.json",
  "num_samples": 15,
  "baselines": {
    "full": {
      "aggregate": {
        "avg_em": 0.0,
        "avg_f1": 0.16198988703309292,
        "avg_time_s": 0.2337905764579773,
        "avg_judge_confidence": 0.5320463706663806,
        "avg_champion_resilience_score": 0.0,
        "escalation_rate": 0.8333333333333334,
        "avg_answer_words": 81.41666666666667,
        "avg_markers_accessed": 95.25,
        "avg_rounds": 2.0,
        "num_evaluated": 12,
        "num_total": 15
      },
      "samples": []
    },
    "full_ziora": {
      "aggregate": {
        "avg_em": 0.0,
        "avg_f1": 0.16369954060376804,
        "avg_time_s": 0.2915671070416768,
        "avg_judge_confidence": 0.5727491044012057,
        "avg_champion_resilience_score": 0.8375,
        "escalation_rate": 0.9166666666666666,
        "avg_answer_words": 78.0,
        "avg_markers_accessed": 91.33333333333333,
        "avg_rounds": 2.0,
        "num_evaluated": 12,
        "num_total": 15
      },
      "samples": []
    },
    "single_agent": {
      "aggregate": {
        "avg_em": 0.0,
        "avg_f1": 0.198213375786354,
        "avg_time_s": 0.03402507305145264,
        "avg_judge_confidence": 0.5,
        "avg_champion_resilience_score": 0.0,
        "escalation_rate": 1.0,
        "avg_answer_words": 77.58333333333333,
        "avg_markers_accessed": 3.25,
        "avg_rounds": 1.0,
        "num_evaluated": 12,
        "num_total": 15
      },
      "samples": []
    },
    "fixed_standards": {
      "aggregate": {
        "avg_em": 0.0,
        "avg_f1": 0.18291963000730602,
        "avg_time_s": 0.21282853682835898,
        "avg_judge_confidence": 0.4659174368478403,
        "avg_champion_resilience_score": 0.0,
        "escalation_rate": 1.0,
        "avg_answer_words": 80.25,
        "avg_markers_accessed": 105.0,
        "avg_rounds": 2.0,
        "num_evaluated": 12,
        "num_total": 15
      },
      "samples": []
    },
    "no_judge_memory": {
      "aggregate": {
        "avg_em": 0.0,
        "avg_f1": 0.1823779845545287,
        "avg_time_s": 0.1828899383544922,
        "avg_judge_confidence": 0.5948769860421792,
        "avg_champion_resilience_score": 0.0,
        "escalation_rate": 0.75,
        "avg_answer_words": 74.33333333333333,
        "avg_markers_accessed": 90.41666666666667,
        "avg_rounds": 2.0,
        "num_evaluated": 12,
        "num_total": 15
      },
      "samples": []
    },
    "no_memory": {
      "aggregate": {
        "avg_em": 0.0,
        "avg_f1": 0.18228932348497565,
        "avg_time_s": 0.059204677740732826,
        "avg_judge_confidence": 0.004206006247669437,
        "avg_champion_resilience_score": 0.0,
        "escalation_rate": 1.0,
        "avg_answer_words": 19.75,
        "avg_markers_accessed": 0.0,
        "avg_rounds": 2.0,
        "num_evaluated": 12,
        "num_total": 15
      },
      "samples": []
    },
    "cumulative": {
      "aggregate": {
        "avg_em": 0.0,
        "avg_f1": 0.1665535740645296,
        "avg_time_s": 0.23754082123438516,
        "avg_judge_confidence": 0.3821708517590696,
        "avg_champion_resilience_score": 0.0,
        "escalation_rate": 0.75,
        "avg_answer_words": 86.33333333333333,
        "avg_markers_accessed": 89.66666666666667,
        "avg_rounds": 2.0,
        "num_evaluated": 12,
        "num_total": 15
      },
      "samples": []
    }
  }
}