{
  "timestamp": "20260406_015616",
  "dataset_path": "Smca baseline eval.json",
  "num_samples": 15,
  "baselines": {
    "full": {
      "aggregate": {
        "avg_em": 0.0,
        "avg_f1": 0.17550660170377355,
        "avg_time_s": 1.3898821870485942,
        "avg_judge_confidence": 0.4508677331863918,
        "escalation_rate": 0.9166666666666666,
        "avg_answer_words": 77.25,
        "avg_markers_accessed": 96.91666666666667,
        "avg_rounds": 2.0,
        "num_evaluated": 12,
        "num_total": 15
      },
      "samples": []
    },
    "single_agent": {
      "aggregate": {
        "avg_em": 0.0,
        "avg_f1": 0.19359499951022371,
        "avg_time_s": 0.1929838458697001,
        "avg_judge_confidence": 0.5,
        "escalation_rate": 1.0,
        "avg_answer_words": 79.16666666666667,
        "avg_markers_accessed": 4.083333333333333,
        "avg_rounds": 1.0,
        "num_evaluated": 12,
        "num_total": 15
      },
      "samples": []
    },
    "fixed_standards": {
      "aggregate": {
        "avg_em": 0.0,
        "avg_f1": 0.18291963000730602,
        "avg_time_s": 1.2198431094487507,
        "avg_judge_confidence": 0.4659174368478403,
        "escalation_rate": 1.0,
        "avg_answer_words": 80.25,
        "avg_markers_accessed": 105.0,
        "avg_rounds": 2.0,
        "num_evaluated": 12,
        "num_total": 15
      },
      "samples": []
    },
    "no_judge_memory": {
      "aggregate": {
        "avg_em": 0.0,
        "avg_f1": 0.1699704039526124,
        "avg_time_s": 0.8573259909947714,
        "avg_judge_confidence": 0.6485071092741873,
        "escalation_rate": 0.8333333333333334,
        "avg_answer_words": 90.5,
        "avg_markers_accessed": 98.5,
        "avg_rounds": 2.0,
        "num_evaluated": 12,
        "num_total": 15
      },
      "samples": []
    },
    "no_memory": {
      "aggregate": {
        "avg_em": 0.0,
        "avg_f1": 0.18020599015164232,
        "avg_time_s": 0.3165436585744222,
        "avg_judge_confidence": 0.005041774901878802,
        "escalation_rate": 1.0,
        "avg_answer_words": 19.75,
        "avg_markers_accessed": 0.0,
        "avg_rounds": 2.0,
        "num_evaluated": 12,
        "num_total": 15
      },
      "samples": []
    },
    "cumulative": {
      "aggregate": {
        "avg_em": 0.0,
        "avg_f1": 0.17550367723441487,
        "avg_time_s": 1.3604625662167866,
        "avg_judge_confidence": 0.6322171321288577,
        "escalation_rate": 0.8333333333333334,
        "avg_answer_words": 75.91666666666667,
        "avg_markers_accessed": 96.16666666666667,
        "avg_rounds": 2.0,
        "num_evaluated": 12,
        "num_total": 15
      },
      "samples": []
    }
  }
}