{
  "timestamp": "20260406_183608",
  "dataset_path": "smca_benchmark_retrieval_hard.jsonl",
  "num_samples": 12,
  "baselines": {
    "full": {
      "aggregate": {
        "avg_em": 0.0,
        "avg_f1": 0.06953848549237247,
        "avg_time_s": 0.24999348322550455,
        "avg_judge_confidence": 0.5155308840098757,
        "avg_champion_resilience_score": 0.0,
        "escalation_rate": 1.0,
        "avg_answer_words": 69.33333333333333,
        "avg_markers_accessed": 98.5,
        "avg_rounds": 2.0,
        "num_evaluated": 12,
        "num_total": 12
      },
      "samples": []
    },
    "full_ziora": {
      "aggregate": {
        "avg_em": 0.0,
        "avg_f1": 0.060845674952142104,
        "avg_time_s": 0.27070226271947223,
        "avg_judge_confidence": 0.6069408346297479,
        "avg_champion_resilience_score": 0.8097222222222222,
        "escalation_rate": 0.9166666666666666,
        "avg_answer_words": 61.75,
        "avg_markers_accessed": 97.66666666666667,
        "avg_rounds": 2.0,
        "num_evaluated": 12,
        "num_total": 12
      },
      "samples": []
    },
    "single_agent": {
      "aggregate": {
        "avg_em": 0.0,
        "avg_f1": 0.06464720300280011,
        "avg_time_s": 0.0643029014269511,
        "avg_judge_confidence": 0.5,
        "avg_champion_resilience_score": 0.0,
        "escalation_rate": 1.0,
        "avg_answer_words": 77.66666666666667,
        "avg_markers_accessed": 3.5833333333333335,
        "avg_rounds": 1.0,
        "num_evaluated": 12,
        "num_total": 12
      },
      "samples": []
    },
    "fixed_standards": {
      "aggregate": {
        "avg_em": 0.0,
        "avg_f1": 0.06472762937997249,
        "avg_time_s": 0.2727959354718526,
        "avg_judge_confidence": 0.437111988983818,
        "avg_champion_resilience_score": 0.0,
        "escalation_rate": 1.0,
        "avg_answer_words": 75.41666666666667,
        "avg_markers_accessed": 106.0,
        "avg_rounds": 2.0,
        "num_evaluated": 12,
        "num_total": 12
      },
      "samples": []
    },
    "no_judge_memory": {
      "aggregate": {
        "avg_em": 0.0,
        "avg_f1": 0.0702878927746372,
        "avg_time_s": 0.20113283395767212,
        "avg_judge_confidence": 0.7102915802244517,
        "avg_champion_resilience_score": 0.0,
        "escalation_rate": 1.0,
        "avg_answer_words": 64.66666666666667,
        "avg_markers_accessed": 99.33333333333333,
        "avg_rounds": 2.0,
        "num_evaluated": 12,
        "num_total": 12
      },
      "samples": []
    },
    "no_memory": {
      "aggregate": {
        "avg_em": 0.0,
        "avg_f1": 0.04620551924473493,
        "avg_time_s": 0.07086632649103801,
        "avg_judge_confidence": 0.0036295357526043037,
        "avg_champion_resilience_score": 0.0,
        "escalation_rate": 1.0,
        "avg_answer_words": 23.333333333333332,
        "avg_markers_accessed": 0.0,
        "avg_rounds": 2.0,
        "num_evaluated": 12,
        "num_total": 12
      },
      "samples": []
    },
    "cumulative": {
      "aggregate": {
        "avg_em": 0.0,
        "avg_f1": 0.0755366278440821,
        "avg_time_s": 0.24167686700820923,
        "avg_judge_confidence": 0.5905082522317618,
        "avg_champion_resilience_score": 0.0,
        "escalation_rate": 0.8333333333333334,
        "avg_answer_words": 69.16666666666667,
        "avg_markers_accessed": 92.66666666666667,
        "avg_rounds": 2.0,
        "num_evaluated": 12,
        "num_total": 12
      },
      "samples": []
    }
  }
}